{
  "basis": {
    "front": [
      -0.5681689977645874,
      0.0,
      -0.8229119777679443
    ],
    "right": [
      0.8229119777679443,
      0.0,
      -0.5681689977645874
    ],
    "up": [
      0.0,
      1.0,
      0.0
    ]
  },
  "closed_bounds_max": [
    0.31547921895980835,
    -0.8544950485229492,
    -1.1627323627471924
  ],
  "closed_bounds_min": [
    -0.34483176469802856,
    -1.1295918226242065,
    -1.6000027656555176
  ],
  "closed_extent": [
    0.6603109836578369,
    0.2750967741012573,
    0.4372704029083252
  ],
  "mesh_count": 37,
  "output": "assets/generated/music_box_aligned_base.glb",
  "source": "assets/models/converted/music_box.glb",
  "source_spec": "assets/models/converted/source_spec.toml",
  "spec": "assets/models/converted/spec.toml",
  "wood_proxy_meshes": {
    "0": {
      "bounds_max": [
        0.1801893562078476,
        -0.8544950485229492,
        -1.17031991481781
      ],
      "bounds_min": [
        -0.34483176469802856,
        -0.9382427930831909,
        -1.6000027656555176
      ],
      "extent": [
        0.5250211358070374,
        0.0837477445602417,
        0.4296828508377075
      ],
      "name": "Mesh",
      "vertex_count": 48
    },
    "8": {
      "bounds_max": [
        0.18009056150913239,
        -0.939213752746582,
        -1.170419454574585
      ],
      "bounds_min": [
        -0.34473180770874023,
        -1.1295918226242065,
        -1.5999016761779785
      ],
      "extent": [
        0.5248223543167114,
        0.1903780698776245,
        0.42948222160339355
      ],
      "name": "Mesh.008",
      "vertex_count": 114
    }
  },
  "wrote_spec": true
}