{
  "basis": {
    "front": [
      -0.5681689977645874,
      0.0,
      -0.8229119777679443
    ],
    "right": [
      0.8229119777679443,
      0.0,
      -0.5681689977645874
    ],
    "up": [
      0.0,
      1.0,
      0.0
    ]
  },
  "closed_bounds_max": [
    0.31547921895980835,
    -0.8544950485229492,
    -1.1627323627471924
  ],
  "closed_bounds_min": [
    -0.3298792839050293,
    -1.1295918226242065,
    -1.597682237625122
  ],
  "closed_extent": [
    0.6453585028648376,
    0.2750967741012573,
    0.4349498748779297
  ],
  "mesh_count": 37,
  "output": "assets/generated/music_box_aligned_base.glb",
  "preserved_source_wood": false,
  "source": "assets/models/converted/music_box.glb",
  "source_spec": "assets/models/converted/source_spec.toml",
  "spec": "assets/models/converted/spec.toml",
  "wood_proxy_meshes": {
    "0": {
      "bounds_max": [
        0.1652369201183319,
        -0.8544950485229492,
        -1.1896347999572754
      ],
      "bounds_min": [
        -0.3298792839050293,
        -0.9382427930831909,
        -1.5806876420974731
      ],
      "extent": [
        0.4951162040233612,
        0.0837477445602417,
        0.39105284214019775
      ],
      "name": "Mesh",
      "vertex_count": 48
    },
    "8": {
      "bounds_max": [
        0.16523832082748413,
        -0.939213752746582,
        -1.1896345615386963
      ],
      "bounds_min": [
        -0.3298792839050293,
        -1.1295918226242065,
        -1.5806877613067627
      ],
      "extent": [
        0.4951176047325134,
        0.1903780698776245,
        0.3910531997680664
      ],
      "name": "Mesh.008",
      "vertex_count": 64
    }
  },
  "wrote_spec": true
}